CLCROP,CLPAST,CLIDLE,GL,FL,MISC,URBAN,OTHERS
20904,2280,1842,10126,61788,1118,3975,5112
20340,4217,0,6928,62759,1118,4126,6211
16635,3777,2418,7186,63537,770,4137,7191
15189,3217,2567,7999,63845,633,5821,5983
14016,2559,2598,7110,66637,628,6186,4907
12204,3669,1980,3162,71241,600,6632,4716
12937,3106,1291,3390,69730,361,7157,6203
13155,3117,1229,2963,68061,385,8993,5931
13600,2449,905,2612,68770,351,9802,4471
11765,2301,1641,2777,68645,323,9945,4454
11069,2035,1233,2987,68324,278,10597,5601
10715,1847,840,2827,65897,289,11407,7686
11417,1493,790,3025,65484,681,12338,6439
11043,887,1036,4627,66774,702,12537,3272
10877,310,1033,4916,65670,552,13340,3486
1331,74,85,439,16751,91,97,640
1186,221,0,273,16685,91,104,915
818,236,220,254,16901,44,113,853
717,171,298,291,17073,36,173,616
603,143,256,283,17244,34,176,561
491,119,125,174,17605,28,201,502
456,101,96,142,17505,18,214,710
491,98,100,118,17474,19,559,578
475,87,67,94,17565,17,605,536
390,87,100,72,17437,16,612,710
410,73,108,38,17461,14,476,735
324,65,77,37,16952,14,581,1197
344,48,86,42,16951,45,223,1468
341,37,85,105,17355,46,223,1007
328,8,55,159,17191,34,231,1159
443,48,18,231,4775,32,61,41
349,102,0,148,4823,32,66,106
252,88,45,157,4761,20,67,236
211,72,77,86,4805,15,90,258
172,62,22,47,4933,25,97,243
126,56,16,57,5046,13,151,203
120,43,11,34,5046,7,163,219
138,46,14,32,4867,7,350,122
127,31,8,46,4839,6,367,112
107,31,9,50,4803,6,412,81
109,26,8,48,4785,5,329,169
84,22,6,40,4551,7,376,344
77,20,11,47,4503,10,357,388
76,17,10,90,4422,12,359,200
73,2,18,116,4341,17,423,151
1171,93,17,1023,3356,31,46,114
937,219,0,752,3835,31,50,30
813,196,63,744,3720,30,45,247
761,196,31,692,3725,24,52,358
666,183,34,406,4280,25,53,54
543,279,45,290,4384,22,42,157
543,233,36,234,4384,15,42,238
583,254,25,188,4450,17,70,119
561,205,18,260,4432,15,85,126
438,188,29,200,4424,14,93,141
408,158,19,191,4474,12,103,229
342,132,10,212,4462,14,120,305
479,84,26,208,4483,19,95,198
413,47,27,261,4504,21,96,104
379,15,19,305,4476,30,101,106
589,77,37,247,3242,79,456,135
473,151,0,145,3298,79,452,222
342,143,76,153,3270,41,479,256
298,103,66,192,3270,31,752,72
240,80,49,135,3270,36,781,98
199,72,17,49,3412,43,897,99
193,55,16,52,2848,12,992,637
215,77,18,43,2847,13,1234,150
214,52,16,48,2811,13,1340,2
196,53,22,45,2760,14,1125,0
171,45,14,35,2678,12,1422,29
160,39,12,35,2475,13,1515,28
152,30,14,31,2330,16,1807,99
139,16,14,54,2240,18,1837,38
130,5,14,79,2088,31,1935,16
63,10,8,41,393,9,97,21
55,25,0,13,447,9,91,0
36,22,11,12,430,6,102,21
35,15,3,21,429,5,126,0
30,12,4,7,430,8,130,7
21,9,2,5,429,11,151,7
22,5,2,5,395,1,154,52
25,8,3,3,395,1,170,0
29,5,3,3,391,2,173,0
21,5,3,3,391,2,190,3
19,4,3,2,372,1,202,3
22,6,2,3,336,2,214,6
19,3,3,4,314,2,250,13
18,2,2,8,313,2,254,1
19,2,4,7,290,2,258,0
436,72,22,270,1833,44,260,85
369,129,0,157,1900,44,279,140
293,126,48,168,1979,40,253,97
246,79,33,194,1979,33,407,24
210,56,33,192,1979,18,453,27
162,69,21,54,2119,21,514,55
163,56,15,46,1846,9,548,325
180,55,15,47,1831,10,713,149
181,43,11,48,1745,9,778,155
152,40,15,47,1751,8,770,7
142,33,13,37,1693,7,850,51
131,27,8,30,1557,8,910,13
117,23,12,30,1436,18,1133,55
111,13,13,33,1413,23,1153,30
104,9,9,22,1346,26,1178,90
7084,705,578,4549,10881,314,1084,2459
6906,1579,0,3126,11142,314,1143,3156
5622,1409,833,3222,12073,215,1057,3018
5198,1281,499,3543,12073,183,1503,3018
4883,991,752,3447,12073,172,1603,3234
4060,1492,724,1295,14897,171,1561,2565
4396,1228,461,1580,14897,116,1686,2548
4514,1195,472,1394,14737,124,1959,2531
4649,891,360,904,15939,110,2173,1578
3802,822,630,1005,16226,97,2241,1697
3377,710,481,1292,16291,81,2282,2041
3162,633,317,1314,15405,84,2431,3150
3763,511,220,1359,15389,204,2535,2468
3594,280,266,2414,16168,208,2571,878
3816,113,318,2397,15920,137,2638,882
931,116,89,176,2294,65,763,172
930,160,0,125,2331,65,794,143
810,184,102,94,1941,54,776,572
688,125,193,203,2052,43,996,209
587,88,183,148,2162,47,1103,169
510,96,107,61,2396,37,1155,116
569,83,62,54,1856,18,1224,591
621,83,46,52,1894,21,1320,364
628,64,33,26,1940,18,1373,137
499,73,80,35,1814,19,1411,55
485,69,55,33,1764,19,1636,41
526,68,40,29,1507,19,1712,138
465,57,30,40,1476,30,1794,73
415,40,24,51,1472,27,1816,62
403,16,29,78,1116,30,1885,85
6664,628,709,2638,15165,334,913,959
6834,1111,0,1811,15132,334,928,917
5641,946,812,1939,15108,251,967,1422
5091,845,980,2169,15147,208,1300,1251
4717,686,911,1868,16975,205,1320,224
4264,1154,647,849,17638,187,1367,598
4437,1023,470,1026,17638,126,1462,470
4368,1037,411,901,16632,130,1701,1381
4619,862,309,949,16294,122,1844,1382
4240,803,509,1093,16189,112,1944,1541
4004,738,419,1088,15946,95,2018,2116
4187,695,299,910,15852,98,2146,2218
4227,600,297,962,15853,262,2745,1404
4325,427,513,1123,16119,264,2799,543
3952,119,446,1287,16242,203,3069,770
433,63,68,40,442,22,23,122
463,72,0,28,442,22,23,154
423,64,32,26,454,13,38,149
440,43,91,30,392,11,62,121
441,32,60,18,391,12,70,167
454,27,52,34,390,18,79,135
513,21,12,8,390,8,87,138
502,18,16,11,390,7,106,126
538,12,9,12,394,8,118,62
493,10,46,12,388,7,134,41
464,10,14,11,386,6,146,118
434,11,7,8,376,6,154,159
436,7,11,10,376,14,195,104
404,9,10,23,383,15,200,74
420,7,11,18,331,7,274,44
1758,394,211,472,2656,97,136,364
1838,448,0,350,2724,97,157,428
1585,363,176,417,2900,56,201,320
1504,287,296,578,2900,44,321,56
1467,226,294,559,2900,46,361,123
1374,296,224,294,2925,49,475,279
1525,258,110,209,2925,31,546,275
1518,246,109,174,2544,36,772,411
1579,197,71,222,2420,31,906,381
1427,189,198,215,2462,28,973,178
1480,169,99,212,2474,25,1094,69
1344,149,62,208,2424,23,1208,130
1338,109,80,291,2372,60,1164,167
1208,0,71,464,2386,66,1189,335
1254,15,108,447,2329,34,1309,183
1,0,0,0,0,0,39,0
0,0,0,0,0,0,39,0
0,0,0,0,0,0,39,0
0,0,0,0,0,0,39,0
0,0,0,0,0,0,39,0
0,0,0,0,0,0,39,0
0,0,0,0,0,0,39,0
0,0,0,0,0,0,39,0
0,0,0,0,0,0,40,0
0,0,0,0,0,0,40,0
0,0,0,0,0,0,39,0
0,0,0,0,0,0,39,0
0,0,0,0,0,0,39,0
0,0,0,0,0,0,39,0
0,0,0,0,0,0,39,0
39145,4893,2146,10066,54460,1695,1513,4978
40680,5730,0,6151,54562,1695,1784,6404
37678,5703,2516,6287,54451,1533,1836,7145
36668,4657,4170,8266,53481,1345,2653,5022
34301,4219,6450,8485,53417,1262,2760,4336
31507,5293,7532,6175,52458,1076,2629,8750
36624,4664,2829,5290,52306,948,2826,9717
38040,3886,3221,4715,49833,923,3567,10375
39818,3001,2222,5579,48598,844,3880,10683
32164,2803,7426,5471,46227,739,4081,11820
34688,2639,5192,5278,48331,658,4010,12911
34991,2500,3212,4995,49188,669,4428,13710
36364,1923,3815,5393,49039,1223,4170,11555
36070,1452,3037,7486,50759,1538,4218,8911
36886,426,2977,8414,51918,914,4705,6489
8633,1786,791,2287,18821,527,653,1733
9061,1983,0,1101,18448,527,803,2732
7838,1912,1086,1045,19045,460,819,2807
7388,1398,1684,1763,19201,391,1133,1589
6946,1147,1774,2045,19356,359,1186,1530
5677,1091,1914,1338,19100,304,1248,3503
6567,909,869,1241,19000,238,1355,3910
7030,760,875,1211,18979,231,1482,4009
7642,566,606,1881,18078,201,1566,4123
6403,519,1459,1731,17597,173,1632,4622
7068,517,1038,1736,17442,155,1760,4328
7098,500,706,1606,18667,159,1896,3417
6955,412,693,1561,18616,336,2153,3280
7145,316,553,1697,19019,330,2189,2603
7192,91,483,1982,19262,226,2355,2112
10614,1791,277,3954,15983,534,406,427
10718,2187,0,2432,16914,534,482,590
10053,2255,458,2520,16497,471,524,989
9876,1987,639,3182,15564,416,742,1070
9370,1765,1232,3086,15539,403,770,969
8944,2101,1225,2526,14892,347,693,2489
9538,1762,566,2095,14891,315,740,3341
10098,1479,662,1914,14840,304,869,2863
10404,1229,411,2009,14877,282,931,2800
8251,1162,1177,2079,15058,256,983,3973
8148,1086,1151,1869,15257,229,1053,3955
7803,959,799,1844,15701,230,1113,4359
9047,766,966,2003,15701,416,1051,2785
9069,395,738,2768,16168,397,1063,2224
9301,164,607,2864,16727,311,1234,1422
19898,1316,1078,3825,19656,634,454,2818
20901,1560,0,2618,19200,634,499,3082
19787,1536,972,2722,18909,602,493,3349
19404,1272,1847,3321,18716,538,778,2363
17985,1307,3444,3354,18522,500,804,1837
16886,2101,4393,2311,18466,425,688,2758
20519,1993,1394,1954,18415,395,731,2466
20912,1647,1684,1590,16014,388,1216,3503
21772,1206,1205,1689,15643,361,1383,3760
17510,1122,4790,1661,13572,310,1466,3225
19472,1036,3003,1673,15632,274,1197,4628
20090,1041,1707,1544,14820,280,1419,5934
20362,745,2157,1830,14722,471,966,5489
19857,740,1745,3020,15572,810,966,4084
20394,171,1887,3568,15929,377,1116,2955
77984,11362,2878,26326,28954,2855,2651,7926
81017,14939,0,16563,29455,2855,2950,12902
79354,13716,2198,16830,31033,2734,3253,11401
78814,12822,3454,21806,30270,2523,4354,6100
72003,11228,11519,20335,30407,2414,4534,7419
70718,16886,14365,13948,31115,2184,5053,5657
81913,15116,3435,13693,29128,1948,5462,9101
83352,13997,4412,12010,27789,1835,6311,9456
86471,10937,3013,13160,27841,1677,6729,8934
73546,10390,15700,12843,29119,1505,7365,8494
80733,10095,8780,12325,31270,1340,7626,6508
83445,9894,5227,11579,31322,1326,8290,7399
82922,7255,5551,13078,31304,2272,7987,8050
82698,3677,4642,16390,34264,2418,8102,5394
83283,1082,5449,18200,35437,1762,9086,3029
10919,1867,516,4552,4820,521,820,1684
11329,2049,0,3063,4779,521,887,2915
10644,1710,700,3009,5396,507,1006,2567
10045,1505,877,3364,5259,500,1503,2381
9482,1164,1389,3708,5121,470,1584,2531
8790,1726,2068,2374,6422,407,1673,1929
10457,1515,733,1610,6422,376,1724,2504
10674,1266,618,1545,6065,312,2032,2706
10845,982,419,1430,6837,285,2149,2336
9689,942,1742,1502,7141,255,2286,1757
10043,891,951,1478,7623,224,2415,1647
10576,895,556,1376,7567,220,2559,1528
10314,708,507,1241,7568,405,2570,1904
10141,352,431,1924,7666,399,2603,1746
10190,109,530,2144,7864,309,2883,1148
11043,1817,680,2475,3397,492,339,2188
11777,2050,0,1468,3358,492,398,2893
11441,1967,469,1314,4045,488,416,2257
11424,1687,1087,1868,4003,423,583,1286
10537,1335,1883,2286,3960,364,608,1336
10251,1572,2248,2038,3870,341,790,1178
11978,1423,678,1487,3870,308,906,1625
12307,1103,620,1347,3895,292,979,1720
12779,798,381,1352,3878,255,1040,1686
10711,747,2183,1326,4296,230,1191,1576
11735,705,964,1261,4296,201,1179,1920
12516,658,516,1158,4342,190,1325,1341
12122,453,452,1335,4342,368,1423,1558
12201,284,262,1642,4533,380,1450,1220
12216,80,414,1656,4748,242,1657,937
20568,2150,865,3903,3326,599,729,2485
21352,2592,0,2265,3942,599,809,2947
21048,2493,509,2083,3947,552,890,2980
21380,2076,408,3321,3887,503,1142,1740
20357,1669,2139,3375,3826,481,1194,1322
20310,2179,2977,2614,3745,443,1385,719
22502,1856,652,1834,3745,391,1500,1879
23042,1517,934,1551,3757,372,1671,1402
23615,1070,560,1773,3551,337,1796,1301
20167,1021,4009,1668,4030,294,1905,932
23012,903,1670,1590,4030,255,2022,434
23140,854,932,1559,4058,249,2215,922
22940,536,1055,1950,4087,444,2302,732
22778,309,970,1940,4363,442,2341,376
22672,88,1175,1728,4772,318,2573,256
22155,2612,175,5759,2224,640,413,851
22906,3144,0,3731,2226,640,456,1737
22799,3161,210,3799,2505,604,445,1270
23424,2850,277,5153,1957,559,530,24
20241,2632,3750,3248,2295,575,530,1421
20189,4008,4201,2089,2250,511,456,1075
24134,3630,425,2152,2430,466,477,1009
24319,3174,1226,1755,1485,452,655,1520
25208,2500,826,2065,1227,419,677,1616
20656,2284,5041,1882,1460,368,746,2185
23414,2194,2994,1518,1944,337,712,1418
24259,2074,1578,1477,1944,329,801,2077
24248,1365,1943,2134,1944,557,521,1744
24277,845,1608,2460,2864,698,521,1016
24750,225,1738,2879,2968,423,628,606
13299,2916,642,9637,15187,603,350,718
13653,5104,0,6036,15150,603,400,2410
13422,4385,310,6625,15140,583,496,2327
12541,4704,805,8100,15164,538,596,669
11386,4428,2358,7718,15205,524,618,809
11178,7401,2871,4833,14828,482,749,756
12842,6692,947,6610,12661,407,855,2084
13010,6937,1014,5812,12587,407,974,2108
14024,5587,827,6540,12348,381,1067,1995
12323,5396,2725,6465,12192,358,1237,2044
12529,5402,2201,6478,13377,324,1298,1089
12956,5413,1645,6010,13411,337,1390,1530
13297,4194,1594,6419,13364,497,1170,2111
13301,1887,1372,8423,14838,499,1186,1036
13455,580,1591,9792,15085,470,1345,81
83610,3180,8680,82295,4095,1762,435,6008
85022,4672,10972,77055,4718,1762,514,5249
95818,3952,1273,78402,5428,1408,512,2723
90200,4695,6160,79743,4591,1294,615,1271
86236,4159,8448,80675,4244,1247,630,1906
88313,11273,7651,72940,4496,1219,685,2475
90475,12209,2329,73285,4514,1077,807,4481
88422,9425,5056,73208,4412,1023,893,6156
93725,9513,3731,69696,4280,992,991,5723
87266,9961,12386,67138,3918,906,1143,6200
84543,10601,11458,69695,3693,815,1127,6852
89042,9773,9030,68311,4318,834,1266,6450
85927,8201,7849,71036,4340,1491,1049,8731
84459,4316,8913,74827,5677,2211,1063,6845
87692,1625,7609,79766,6178,967,1256,2851
21363,710,3030,14425,557,394,44,2998
22112,935,4581,13121,606,394,55,1560
26624,754,494,13300,551,305,55,961
25480,756,2039,13457,467,281,66,222
25077,848,1989,12988,436,271,68,770
27001,1889,1297,11278,422,266,62,1005
27275,2270,753,10528,419,249,78,1562
26736,1605,1277,10888,426,228,90,1493
26900,1575,1021,11028,515,214,102,1394
25464,1522,2441,11187,460,192,112,1565
24444,1715,3463,10951,338,168,111,1531
24460,1500,2858,11329,441,183,129,1950
23373,1343,2969,11529,441,318,94,2708
23290,817,3569,11935,699,566,95,1790
24081,322,2718,13336,517,205,123,1368
17238,641,624,25182,1545,371,65,1757
18559,816,446,24402,1914,371,80,906
18851,722,119,24764,2133,256,78,548
16022,1184,1864,26113,1383,233,87,101
16520,934,1511,25432,1496,221,89,304
16327,2998,1519,24030,1699,229,80,243
16655,2770,255,24670,1700,171,93,971
16111,2307,876,24192,1673,192,102,1767
17657,2309,426,23529,1610,185,110,1371
17022,2389,2207,22261,1552,176,126,1531
15458,2485,2439,23947,1450,163,138,1054
17313,2542,1909,22594,1588,160,150,901
17332,2476,1259,22487,1511,286,108,1540
17026,1311,1516,23263,1640,568,109,1395
17624,528,1203,24972,1789,193,152,334
20846,942,1640,22373,892,443,140,591
20428,1400,1949,22154,1087,443,152,261
21929,1117,223,22542,1080,387,137,385
21450,1309,878,22266,1073,360,163,262
18880,1031,2364,23731,848,364,168,270
18646,2461,2272,22179,1031,328,173,682
19724,3274,412,22137,1032,295,201,752
19777,2363,1177,22133,1015,279,223,735
20816,2397,966,21232,796,273,243,1069
18000,2565,3660,20435,699,252,269,1910
19428,2586,2089,20917,568,222,264,1870
20314,1942,1299,21828,797,224,294,1305
19758,1908,1099,21941,897,384,293,1651
19495,896,1221,23191,1234,575,298,1019
20442,326,1090,23677,1470,252,344,258
24163,887,3386,20315,1101,554,186,662
23923,1521,3996,17378,1111,554,227,2522
28414,1359,437,17796,1664,460,242,829
27248,1446,1379,17907,1668,420,299,686
25759,1346,2584,18524,1464,391,305,562
26339,3925,2563,15453,1344,396,370,545
26821,3895,909,15950,1363,362,435,1196
25798,3150,1726,15995,1298,324,478,2161
28352,3232,1318,13907,1359,320,536,1889
26780,3485,4078,13255,1207,286,636,1194
25213,3815,3467,13880,1337,263,614,2397
26955,3789,2964,12560,1492,266,693,2294
25464,2475,2522,15079,1490,504,554,2832
24649,1292,2608,16438,2104,502,562,2642
25545,449,2598,17781,2402,318,637,891
22957,8305,3778,13631,63669,1819,1096,5726
26158,11205,0,9115,64476,1819,1334,6249
20065,10306,3351,10149,68021,1361,1508,5136
17431,9498,3061,12984,69311,1260,2178,3740
14994,9457,4432,10778,73021,1028,2317,2666
14758,12428,4444,8427,73132,999,2650,2093
17083,11516,2057,7498,73133,807,3133,3496
18289,10648,2322,5764,71876,819,4117,4004
19324,9066,1979,6323,70898,845,4685,4464
16448,8748,4255,6558,70469,674,5475,4470
16631,9073,3432,5962,71614,567,5552,3861
16919,8943,2130,5442,71495,574,6192,4996
17085,7151,1775,6253,71539,1068,6534,4501
17306,3770,1578,10551,70819,1184,6677,4160
17285,1032,1556,13890,70629,757,8098,2095
3980,1169,643,3158,14488,230,211,711
4225,1564,0,2379,14561,230,344,1333
3243,1116,527,2771,15527,223,369,781
2978,1018,431,3592,15131,216,551,336
2662,865,553,3211,16059,169,612,270
2629,1732,564,2282,16075,169,727,263
2685,1690,315,1819,16076,114,863,747
2734,1722,327,1556,16009,157,1115,613
2978,1523,252,1717,15872,163,1267,474
2671,1449,493,1773,15497,141,1404,674
2562,1524,350,1728,15353,99,1471,914
2572,1526,242,1533,15345,98,1654,1003
2712,1267,189,1373,15372,189,1526,1312
2570,487,194,2463,15350,196,1555,1059
2636,148,205,2794,15385,137,1744,569
1505,312,157,3243,9434,102,144,237
1567,787,0,2326,9854,102,155,362
1089,513,233,2277,9866,104,175,878
863,520,138,2575,9907,105,198,282
754,360,124,1706,11423,82,194,362
754,886,123,863,12126,75,147,106
771,739,107,717,12126,47,156,377
706,814,91,653,11509,61,189,991
786,676,87,557,11509,139,210,946
678,642,99,476,11799,64,236,823
644,662,80,524,11916,46,254,655
664,698,50,481,11899,59,288,637
680,491,37,507,11900,49,364,502
678,192,51,1249,11833,47,372,71
685,54,42,1351,11780,47,420,10
6170,526,906,1099,18164,307,341,2813
6966,733,0,1057,18068,307,360,2609
5868,702,694,1534,19160,284,410,1315
5101,674,1583,1556,19118,284,596,952
4262,601,1291,1715,20092,229,631,883
4032,1113,1335,1216,20224,231,683,758
4849,1099,628,1050,20223,242,832,651
4952,990,629,852,19590,212,1078,1326
5154,806,476,1010,18604,176,1255,2018
4070,783,1148,1210,18401,144,1477,2053
4315,835,785,984,18710,122,1562,1718
4487,927,476,814,18638,123,1760,1814
4239,668,292,875,18664,212,2294,1748
4258,339,247,1231,18037,314,2357,1849
4085,95,294,1579,18078,151,3086,1141
5378,4038,983,3684,9684,490,169,462
6336,5265,0,1696,10082,490,197,583
4786,4880,975,1759,11167,366,219,500
4209,4069,258,2871,11397,304,314,1510
3591,4572,1274,2032,11804,271,326,516
3572,4916,1322,1871,11887,261,383,345
4339,4487,571,2013,11888,213,477,559
4923,4134,789,1301,11948,210,538,699
5354,3453,711,1669,11948,197,600,683
4751,3402,1472,1653,11909,177,708,487
4977,3454,1271,1359,12360,165,693,318
4889,3205,766,1491,12348,156,793,940
5040,2601,712,2304,11947,317,783,431
5395,1550,676,3516,11686,327,799,493
5400,328,641,4742,11886,233,928,109
5924,2260,1089,2447,11899,690,231,1503
7064,2856,0,1657,11911,690,278,1362
5079,3095,922,1808,12301,384,335,1662
4280,3217,651,2390,13758,351,519,660
3725,3059,1190,2114,13643,277,554,635
3771,3781,1100,2195,12820,263,710,621
4439,3501,436,1899,12820,191,805,1162
4974,2988,486,1402,12820,179,1197,375
5052,2608,453,1370,12965,170,1353,343
4278,2472,1043,1446,12863,148,1650,433
4133,2598,946,1367,13275,134,1572,256
4307,2587,596,1123,13265,138,1695,603
4415,2124,545,1194,13656,301,1566,509
4406,1203,410,2093,13913,300,1594,688
4479,408,374,3424,13500,189,1920,267
20149,2439,4385,8686,72994,1117,1279,9306
23616,4303,0,6776,74926,1117,1876,7049
17678,4627,2519,9967,78114,937,1858,2861
14566,4297,2208,13939,76855,889,2904,2264
11845,3593,3442,12564,78992,737,3179,2850
11539,5634,3251,10498,77061,1074,3323,5043
13349,5753,1606,11341,76256,523,4042,3496
14438,5274,1438,9285,75078,556,5852,3583
14643,4325,1370,10387,73356,481,6815,4236
10359,4069,3862,10044,73500,453,8373,4798
10424,4208,3421,9780,73434,362,8042,4823
11624,4468,1889,9117,71938,404,9136,6220
9840,3641,1343,8282,73661,615,8707,8748
9370,2052,1061,10288,75150,693,8887,6815
9693,605,1632,10648,76004,483,11167,3478
4173,238,776,629,10459,165,192,2332
4892,495,0,489,11903,165,235,638
3730,688,473,781,11894,132,254,548
2965,641,935,941,11706,122,362,715
2353,592,761,1202,11566,132,380,1357
2326,694,643,979,12403,152,406,769
2610,704,251,667,12402,102,516,1111
2748,625,231,550,12167,103,700,1188
2713,484,201,443,12084,90,822,1419
1942,464,786,422,12179,84,1005,1408
1903,513,643,477,12179,61,982,1515
1660,538,335,465,12418,64,1102,1722
1585,420,321,448,12301,99,1201,1920
1536,264,201,795,12646,113,1230,1517
1540,55,308,976,13025,81,1591,745
7915,784,1944,1611,21028,292,362,2016
9214,1273,0,1185,21205,292,440,2281
6700,1407,902,1851,23667,212,495,503
5451,1304,703,2498,24057,205,765,505
4113,1017,1251,1802,26052,220,831,151
4057,1838,1208,1275,25157,206,822,1026
4764,1828,556,1731,24869,135,928,653
5114,1551,496,1317,24840,139,1347,634
5372,1290,462,1850,23768,117,1571,974
3747,1145,1539,1895,23402,103,1891,1912
3918,1187,1423,1689,23631,92,1923,1423
5200,1395,733,1336,23004,92,2132,1413
3807,933,305,1227,23802,195,2407,2584
3665,590,364,1292,24267,246,2465,2344
3799,129,457,1680,24352,125,3207,1238
1840,563,474,4006,22759,230,513,3008
2387,937,0,3395,23001,230,773,2158
2140,878,425,4881,21787,299,634,1383
2044,939,61,7425,20321,282,1003,121
2260,741,581,6731,19625,151,1155,800
2267,1002,504,5834,17753,479,1442,2609
2732,1086,380,6026,17652,136,1891,1095
2807,1300,390,5469,16738,134,2397,1361
2752,1077,345,6229,16325,113,2867,1042
2300,1004,560,5792,16260,112,3643,594
2451,973,503,5697,15683,104,3358,954
2465,896,288,5455,14605,105,3902,2270
2351,1107,258,4701,14636,121,3960,2992
2098,571,90,5558,15649,109,4052,1486
2122,260,452,5100,15827,141,4901,520
6221,854,1191,2440,18748,430,212,1950
7123,1598,0,1707,18817,430,428,1972
5108,1654,719,2454,20766,294,475,427
4106,1413,509,3075,20771,280,774,923
3119,1243,849,2829,21749,234,813,542
2889,2100,896,2410,21748,237,653,639
3243,2135,419,2917,21333,150,707,637
3769,1798,321,1949,21333,180,1408,400
3806,1474,362,1865,21179,161,1555,801
2370,1456,977,1935,21659,154,1834,884
2152,1535,852,1917,21941,105,1779,931
2298,1639,533,1860,21911,143,2000,815
2097,1181,459,1905,22922,200,1139,1252
2070,627,406,2642,22587,226,1140,1468
2231,161,415,2892,22800,137,1467,975
16300,3532,2360,7215,51404,898,649,8461
18403,5880,0,6017,52715,898,841,5492
14850,5891,1421,8501,51641,718,815,6180
13070,5932,1806,9358,53245,787,1118,4389
13491,4873,1874,9433,54624,808,1194,3237
15933,6684,1941,8433,50471,711,1200,4445
16800,6374,1880,7449,50470,595,1407,4718
19238,5583,1129,5777,49453,626,1849,5882
19233,4412,1333,7390,47827,571,2122,6266
15573,4011,4304,7307,47443,494,2416,7433
16478,4270,2991,6357,48269,382,2717,6442
16290,4087,1653,5533,50672,401,3065,6241
15703,3568,1776,6246,50667,587,2251,6595
15160,2140,930,7209,52317,598,2284,6683
15335,566,2092,9116,52684,428,2756,3865
6586,849,850,3384,15640,378,158,1826
7368,1604,0,2280,16509,378,210,1129
5855,1513,437,3482,16440,314,212,1200
4858,1630,695,3135,17225,322,301,1221
4517,1294,844,3717,17976,311,316,553
5048,2423,923,2864,16892,298,354,914
5467,2478,764,2620,16892,223,450,767
6144,1960,438,1856,16696,218,545,1801
6143,1441,437,2369,16505,200,619,1865
4941,1244,1607,2287,16674,182,749,1847
4794,1327,1298,2206,16991,139,748,1791
4602,1184,677,1946,18589,122,852,1327
4358,936,769,2223,18572,192,599,1607
4411,769,376,2055,19579,189,607,1265
4372,163,638,2715,19495,128,730,884
6130,1651,991,2328,19928,305,152,1530
7182,2472,0,1585,20020,305,192,1143
5868,2419,576,2298,19295,213,213,1831
5627,2270,673,3463,19891,262,282,36
6248,1840,483,2373,20630,277,303,29
7120,2613,469,2895,18237,223,333,478
7296,2469,521,2559,18236,202,420,598
8027,2448,336,2055,18230,218,567,333
7975,2055,476,2948,17324,195,638,616
6698,1938,1552,2950,16896,183,784,1144
7566,2067,793,2532,17423,137,860,669
7635,2034,413,2006,18392,178,931,467
7570,1727,349,2312,18373,221,582,876
7409,736,94,3293,18596,209,589,1039
7466,184,585,4127,18544,175,727,157
3584,1032,519,1503,15836,215,339,5105
3853,1804,0,2152,16186,215,439,3220
3127,1959,408,2721,15906,191,390,3149
2585,2032,438,2760,16129,203,535,3132
2726,1739,547,3343,16018,220,575,2655
3765,1648,549,2674,15342,190,513,3053
4037,1427,595,2270,15342,170,537,3353
5067,1175,355,1866,14527,190,737,3748
5115,916,420,2073,13998,176,865,3785
3934,829,1145,2070,13873,129,883,4442
4118,876,900,1619,13855,107,1109,3982
4053,869,563,1582,13691,101,1282,4447
3775,905,658,1711,13722,174,1070,4112
3340,635,460,1860,14142,200,1088,4380
3497,218,869,2275,14645,125,1299,2825
42617,6378,2828,105086,46318,1335,923,3922
43661,8960,1365,94062,47184,1335,1269,10528
41303,9723,1094,104353,43099,1083,1771,5725
37643,10786,5479,109239,37901,1087,3006,2146
34126,8937,6383,118378,33071,890,3267,1549
33907,16833,5303,111349,32990,1051,3003,2521
35114,15931,2724,112038,33339,731,3144,3768
35801,16327,3714,111477,31674,1072,4801,2066
36898,13889,3779,122286,20890,1062,5672,2133
29113,14614,8610,122410,20506,921,6632,3734
31570,15515,7988,118665,21670,797,6403,3343
32406,17695,6276,115373,18000,964,7170,7819
30744,18498,6429,115750,18007,1144,5321,9638
30684,10718,5553,120442,24779,1191,5382,5989
30753,3855,5896,124359,22013,1286,6661,9383
14354,1759,850,14347,10581,541,190,767
13209,2318,489,13744,10639,541,230,1690
12253,2325,196,16203,10289,394,237,870
11080,2586,1422,15022,10051,335,505,1593
9872,1951,1717,18449,9179,337,535,141
9920,4904,1212,16599,8926,359,506,368
10731,4651,449,16235,9296,263,535,629
10152,4200,726,17549,8471,279,1060,467
10935,3860,650,18396,6810,263,1250,628
9565,4433,1876,17754,6970,250,1471,540
9996,4462,1556,17364,7122,232,1293,765
9793,5360,1184,17314,6233,263,1473,1120
9060,5209,961,17488,6234,318,736,2625
9169,2781,890,18707,7620,334,736,2312
9155,1011,1123,19756,7656,319,856,2593
28263,4619,1978,90739,35737,794,733,3155
30452,6642,876,80318,36545,794,1039,8838
29050,7398,898,88150,32810,689,1534,4855
26563,8200,4057,94217,27850,752,2501,553
24254,6986,4666,99929,23892,553,2732,1408
23987,11929,4091,94750,24064,692,2497,2153
24383,11280,2275,95803,24043,468,2609,3139
25649,12127,2988,93928,23203,793,3741,1599
25963,10029,3129,103890,14080,799,4422,1505
19548,10181,6734,104656,13536,671,5161,3194
21574,11053,6432,101301,14548,565,5110,2578
22613,12335,5092,98059,11767,701,5697,6699
21684,13289,5468,98263,11774,826,4585,7013
21515,7938,4663,101735,17159,858,4646,3676
21598,2844,4773,104603,14357,967,5805,6790
24234,1878,6244,339243,121489,1467,634,27849
26875,4212,8588,347861,117615,1467,867,19152
36230,3929,1059,330892,130155,893,786,20266
34404,4838,3710,312832,131501,827,1254,31262
33886,4574,4707,314399,127591,729,1414,21927
34850,5726,2783,313478,119852,743,1548,28924
35889,5121,1791,307445,119852,586,1957,33992
36591,4814,2184,306508,119027,615,2620,30359
37399,4586,1864,304523,119631,641,3138,27881
35391,5262,6376,302263,117425,566,3723,27909
33016,5730,7913,303515,112662,502,4509,26636
33749,5562,6115,302658,112575,575,5435,30877
31355,7211,7699,302823,116799,996,3713,23153
30724,5088,7432,303397,121478,982,3779,13454
30507,2329,7359,326867,98845,631,4803,13561
7757,400,3162,53386,23536,192,49,2595
8432,1272,4224,53296,21289,192,59,1556
14135,738,132,54742,19803,165,58,502
14052,945,246,50641,20872,164,74,3416
13797,1031,833,50558,19235,167,77,2877
14473,1441,579,49873,19899,168,75,2524
14504,1145,372,49465,19899,134,90,3158
14560,1189,578,48869,19003,147,111,2894
15247,1123,469,48395,18936,133,127,2785
15321,1292,1651,47139,18709,126,142,2649
13941,1551,3028,47364,18592,113,171,2418
14527,1672,2374,46039,19165,120,196,2769
13122,1726,3270,46361,19184,244,168,2458
12631,1678,3558,46051,19875,237,171,1202
12522,902,3181,47629,18429,116,195,3231
3467,322,800,23386,18797,221,61,5533
3882,485,863,24505,18544,221,74,3121
4846,545,149,25766,17410,166,63,2302
5004,666,151,22289,17609,157,96,5513
4920,696,366,22352,17808,137,98,2713
4901,967,298,22073,18030,120,106,2609
5272,874,249,20840,18030,101,141,3570
5599,767,266,21004,17890,108,146,2976
5624,763,216,20407,17880,102,163,2524
5102,816,1045,19943,17767,98,187,2606
4799,815,1063,20219,18033,82,223,2582
4197,816,753,21165,17123,88,233,3409
4783,770,855,20984,16824,165,263,2305
4680,511,789,18082,17455,160,269,5238
4790,221,789,18391,16771,91,331,5056
1909,112,199,46446,7019,97,35,3848
2024,405,283,48355,7009,97,45,1001
2035,445,102,48484,7720,58,39,773
2075,588,105,46390,7648,61,48,2385
2077,567,192,45826,6362,59,49,1602
2115,601,97,45911,5885,61,49,2331
2101,560,69,46016,5885,50,63,2204
2347,473,96,45537,5640,43,80,2448
2264,461,53,45594,5640,44,103,2190
2150,550,248,45146,5552,50,111,2023
1984,721,351,44905,5766,41,166,1958
2064,759,257,44873,5085,44,206,2571
1583,913,364,44323,5739,79,109,2697
1657,420,141,44653,7661,70,110,222
1523,256,207,46086,7002,47,128,597
6549,515,1493,33096,19533,222,106,3092
7479,970,2579,32073,19103,222,131,2537
10108,1008,141,33237,19523,188,151,516
9014,1235,1597,29436,20913,170,230,2282
8677,1120,1544,29017,21351,163,256,1817
8826,1389,890,29711,19387,166,336,3115
9159,1292,508,29274,19387,130,430,3552
9131,1078,609,28731,20009,130,546,2791
9377,1000,493,28198,19809,119,663,2118
8684,1170,2058,27898,18837,118,792,2067
8348,1177,2157,28087,18837,109,909,1914
8899,736,1780,27867,18781,135,1070,1554
8054,1835,2155,28158,18925,216,814,417
8110,1242,2076,28871,18236,214,831,682
8013,437,2218,31734,15138,129,1012,323
2127,135,240,50417,19968,255,117,1805
2167,446,226,51801,19291,255,187,1263
1870,464,170,50178,20369,151,155,2120
1275,429,946,48446,18934,139,198,3394
1292,385,877,51471,17341,65,212,1175
1371,513,467,51025,17256,92,225,1909
1553,542,207,50525,17256,59,279,2295
1605,481,252,51382,16805,58,339,1865
1690,450,229,51217,16805,50,384,1600
1217,557,665,51818,17127,53,471,2152
1303,530,649,52478,14164,52,541,2081
1313,639,474,52188,14084,55,636,1979
1209,837,625,51676,14978,111,484,1410
1174,648,545,52122,14977,125,493,1232
1183,231,534,54344,13278,75,539,741
673,230,56,43365,19466,299,44,1769
1027,184,55,46763,19206,299,76,1119
1226,201,188,44838,18412,52,82,2737
1258,204,95,42455,18278,40,312,3342
1238,142,289,41169,19798,47,380,2049
1251,146,268,41354,17420,48,411,4070
1310,117,218,40941,17420,47,530,3872
1309,144,206,41506,17475,45,799,1960
1174,129,230,41565,17846,42,977,1661
1056,140,351,41504,17257,41,1194,1294
961,111,231,40641,15968,35,1371,1128
951,116,187,40509,16306,55,1746,2825
875,214,146,40533,17608,73,1080,897
818,0,96,40648,16780,67,1099,150
908,84,142,43580,13000,87,1465,1602
1262,128,274,35433,8462,119,195,4256
1403,305,345,34850,8453,119,248,4186
1637,275,125,27577,15409,95,197,4327
1363,409,447,24665,15398,78,243,7538
1358,442,488,25775,14187,70,264,5688
1340,507,136,24893,14720,68,221,5947
1426,438,132,23711,14720,50,240,6929
1425,491,118,23503,14933,52,384,6910
1409,470,116,23238,15443,51,459,6491
1278,528,298,23080,14793,52,526,6573
1202,561,345,23760,14078,48,497,6596
1252,558,234,23737,13832,57,549,7367
1194,602,248,24339,14905,66,444,5882
1137,403,198,26120,16058,69,450,2348
1090,140,246,32774,9810,59,614,1870
490,36,20,53714,4708,62,27,4951
461,145,13,56218,4720,62,47,4369
373,253,52,46070,11509,18,41,6989
363,362,123,48510,11849,18,53,3392
527,191,118,48231,11509,21,78,4006
573,162,48,48638,7255,20,125,6419
564,153,36,46673,7255,15,184,8412
615,191,59,45976,7272,32,215,8515
614,190,58,45909,7272,100,262,8512
583,209,60,45735,7383,28,300,8545
478,264,89,46061,7224,21,631,7959
546,265,56,46278,8199,21,801,8404
534,314,36,46448,8636,42,350,7088
516,185,30,46850,10436,41,356,2380
478,57,42,52329,5417,27,520,141
15263,3201,4940,56824,96546,1005,1857,14135
17120,5214,4689,60550,97160,1005,2722,4770
20931,4446,866,59850,89905,807,2085,11871
20464,4699,971,53965,89863,701,3218,16699
19925,3764,1762,54307,89819,714,3681,12216
19049,3755,1498,52594,89952,630,4117,13747
20988,2907,891,53761,89747,470,4621,11655
21068,3057,1253,52595,85882,540,5215,14057
21462,2815,1126,52296,85077,548,5815,13675
19059,2775,3402,51981,80576,524,6755,14634
18237,2596,3095,54480,79278,482,7377,15530
19384,2693,2290,52144,76661,503,7903,11573
18471,2847,2630,52338,78296,681,7124,9791
17377,1858,2875,57040,74021,717,7239,6610
17396,914,3470,57843,59188,521,7571,20633
4316,439,2377,9093,23268,225,248,903
4580,715,2426,8666,23044,225,359,884
6887,621,202,7628,21576,193,330,2708
6914,724,415,8127,21151,178,489,1976
6839,784,562,8318,20725,161,508,441
6989,834,455,6982,20739,141,603,1172
7470,688,209,6679,20534,111,689,1688
7394,614,402,6586,20349,132,776,1234
7559,612,309,7705,18557,128,896,1573
6675,579,1111,7235,17857,119,1012,1461
6500,551,1184,7590,17985,105,1240,1264
6854,528,1018,7406,17418,103,1371,1378
6254,499,1230,7369,17347,160,1367,1682
5733,372,1521,6789,19225,181,1397,410
5558,125,1856,7314,18081,127,1553,444
3303,566,1040,25176,29387,217,146,835
3596,969,972,24340,29306,217,197,862
4252,807,223,25561,28931,183,184,288
4184,942,348,23217,29310,150,273,1897
4103,927,395,22709,29688,161,291,1218
3818,1077,250,22756,29387,130,323,1788
4242,815,219,23172,29387,104,382,1067
4217,815,215,23119,28498,120,432,1602
4324,858,175,22011,29477,121,471,1535
3695,858,831,22913,26278,114,519,2896
3720,818,743,22456,26614,106,565,2913
3853,919,566,22395,26664,126,610,2840
3626,1003,681,23239,27169,177,662,1112
3560,677,696,22726,27813,175,675,987
3522,308,834,23863,24116,119,719,3919
7644,2196,1523,22555,43891,563,1463,12397
8944,3530,1291,27544,44810,563,2166,3024
9792,3018,441,26661,39398,431,1571,8875
9366,3033,208,22621,39402,373,2456,12826
8983,2053,805,23280,39406,392,2882,10557
8242,1844,793,22856,39826,359,3191,10787
9276,1404,463,23910,39826,255,3550,8900
9457,1628,636,22890,37035,288,4007,11221
9579,1345,642,22580,37043,299,4448,10567
8689,1338,1460,21833,36441,291,5224,10277
8017,1227,1168,24434,34679,271,5572,11353
8676,1246,706,22343,32579,274,5922,7355
8591,1345,719,21729,33780,344,5095,6997
8084,809,657,27524,26983,362,5166,5213
8316,481,780,26667,16991,275,5299,16269
363163,47448,40081,659498,601717,15071,15012,93423
382892,69332,25614,631078,605570,15071,18283,84006
380542,66070,18715,632417,615384,12244,18561,80499
358449,65441,33586,630131,610863,11346,27121,78876
334823,57363,51615,636464,611823,10457,29162,63013
332778,88181,50748,601004,602768,10287,30840,78371
361172,82697,20833,595190,598475,8046,34556,90627
368394,76128,25958,584302,583085,8394,44218,91869
382573,64993,21322,594252,567168,8012,49649,88466
330684,64934,67962,588792,557828,7105,55908,93946
337389,66762,55503,589044,558545,6183,57960,92507
348566,67462,38663,577977,552066,6539,64292,102971
339829,61788,39657,584224,559135,10758,59193,97201
334893,35959,37057,612257,576037,12234,60167,68133
339708,12743,39072,654020,538566,8301,69441,68870
0,0,0,0,0,1,0,0
6,2,4,0,153008,0,0,212462
8,2,2,0,0,0,0,0
16,4,4,2350,132314,1,21,213703
17,4,3,2772,118156,3,23,213335
14,3,1,1624,118276,18,47,212081
17,2,6,1625,118076,1,83,209888
21,4,4,1276,117932,1,254,208666
26,6,21,1281,87045,2,353,135067
31,6,40,1209,88643,2,535,132349
28,7,61,1156,87936,2,433,131802
34,8,26,1226,87936,2,567,132230
32,9,49,1295,90475,2,167,130760
31,7,48,738,93801,2,167,127898
31,4,45,696,91817,2,166,126248
0,0,0,0,0,20,0,0
297,154,14,1361,1211,0,0,1063
307,0,0,1384,0,0,0,0
320,167,13,646,2000,25,75,584
305,52,14,1203,1796,52,83,358
176,36,160,987,1626,33,126,525
151,37,169,1018,1626,20,178,269
159,27,147,1143,1610,20,174,317
156,34,155,1131,1067,21,180,463
162,41,141,1082,1318,21,199,363
136,38,120,976,1435,21,517,130
101,42,150,961,1189,19,678,220
88,37,62,1002,1552,10,227,374
72,23,49,738,1552,13,227,625
161,22,189,770,1299,20,256,423
363163,47448,40081,659498,601717,15092,15012,93423
383195,69488,25632,632439,759789,15071,18283,297531
380857,66072,18717,633801,615384,12244,18561,80499
358785,65612,33603,633127,745177,11372,27217,293163
335145,57419,51632,640439,731775,10512,29268,276706
332968,88220,50909,603615,722670,10338,31013,290977
361340,82736,21008,597833,718177,8067,34817,300784
368574,76159,26109,586721,702627,8415,44646,300852
382755,65033,21498,596664,655280,8035,50182,223996
330877,64981,68143,591083,647789,7128,56642,226658
337553,66807,55684,591176,647916,6206,58910,224439
348701,67512,38839,580165,641191,6560,65537,235420
339949,61834,39768,586521,651163,10770,59587,228334
334996,35989,37154,613733,671390,12250,60562,196657
339900,12769,39306,655486,631682,8323,69864,195542
